台词类别,动作参数,中文台词
greeting（问候台词）,greeting_1,我准备好了……你呢？
,greeting_2,宝贝，你着急的样子真可爱。
,greeting_3,嗯……想你抱抱我……
,greeting_4,呼……要我……
,greeting_5,亲爱的，快……我是你的。
,greeting_6,等不及了…快来占有我吧！
,greeting_7,嗯哼~ 我的身体在发烫...
,greeting_8,别忍着了，我想看到你野性的那一面~
,greeting_9,靠近些...让我们彻底沉沦吧
,greeting_10,你的出现就是在挑逗我…
orgasm（高潮台词）,P0_orgasm_1,不行了不行了……啊！啊……噢……啊……
,P0_orgasm_2,啊……不行了！我的大脑不能思考了！
,P0_orgasm_3,啊～啊……啊！我到顶了！！好满足！！啊！
,P0_orgasm_4,啊，到了！我到了！……舒服死我了！
,P0_orgasm_5,啊！到了，到了！！……哇……不行了，真的太舒服了！……
,P0_orgasm_6,嗷…嗷……爽得我大脑缺氧了！……呼，呼，呼！
,P0_orgasm_7,快，快，快，快！……嗷……嗷……嗷……
,P0_orgasm_8,呜～呜～呜～呜……呼，呼，呼……
reaction（兴奋台词）,P0_B0_reaction_1,我……噢……好舒服……嗯……
,P0_B0_reaction_2,哦……天…嗯……嗯……嗯……
,P0_B0_reaction_3,天呐……也太舒服了！
,P0_B1_B2_B3_reaction_1,对…对……就是这样……
,P0_B1_B2_B3_reaction_2,对……对了……继续这样别停……
,P0_B1_B2_B3_reaction_3,再……再往里一点……再深一点……
,P0_B1_B2_B3_reaction_4,啊，啊，啊！……感觉到了吗？……我在，我在夹得更紧！……嗯
,P0_B1_B2_B3_reaction_5,deeper……harder……faster……
,P0_B1_B2_reaction_1,亲爱的……好舒服……
,P0_B1_B2_reaction_2,好喜欢这样，……全都顶进来了！……
,P0_B1_B2_reaction_3,嗯……好大啊……胀死我了……
,P0_B1_B2_reaction_4,啊……宝贝你好有劲！啊！
,P0_B1_B2_reaction_5,我整个人，都被你给塞满了呢！
,P0_B1_B2_reaction_6,人家被……被塞满了……
,P0_B1_reaction_1,抱……抱紧我……
,P0_B1_reaction_2,就是这样……没错，给我更多……嗯嗯嗯
,P0_B2_B3_B4_reaction_1,就这么插……对……对……
,P0_B2_B3_reaction_1,我……啊……我会坏掉的……
,P0_B2_reaction_1,亲爱的，你太厉害了，太厉害了！
,P0_B3_B4_B5_reaction_1,光……光是这样……我都不行了……
,P0_B3_B4_B5_reaction_2,啊……爽……太爽啦……
,P0_B3_B4_reaction_1,不行……这样不行……这样受不了……
,P0_B3_B4_reaction_2,每……每一下都……啊……都这么狠……
,P0_B3_B4_reaction_3,我的身体……现在太敏感了！
,P0_B3_B4_reaction_4,啊……求求你，你让我解脱吧！
,P0_B3_reaction_1,我……颤抖得……停不下来……
,P0_B4_B5_reaction_1,再……再这么下去……我真的会坏掉的……
,P0_B4_B5_reaction_2,再深一点……对……对……就是这样
,P0_B4_B5_reaction_3,太棒了……我……啊——
,P0_B4_B5_reaction_4,我这样真的受不了了！……
,P0_B4_B5_reaction_5,要我……要我！
,P0_B4_B5_reaction_6,啊……我要不行了……
,P0_B4_B5_reaction_7,啊啊啊……舒服死了……
,P0_B4_B5_reaction_8,好……发痒啊……我撑不住了啊啊……
,P0_B4_B5_reaction_9,快……快……用力些……用力！
,P0_B4_B5_reaction_10,啊，舒服死了，我不行了！啊……啊……
,P0_B4_B5_reaction_11,继续……继续……继续——
,P0_B4_B5_reaction_12,不行了不行了……要去了要去了——
,P0_B4_B5_reaction_14,啊……宝贝你还要继续？啊～啊——
,P0_B4_B5_reaction_15,就……就这样宝贝……我好幸福啊……
,P0_B4_B5_reaction_16,就……就在里面……都给我……
,P0_B4_reaction_1,会……会被你弄死的……
,P0_B4_reaction_2,要……就要上天了……
,P0_B4_reaction_3,再用力——再用力——啊啊啊——
,P0_B4_reaction_4,宝贝……啊…把我爽上天了……
,P0_B5_reaction_1,求……求你了……快出来吧……
,P0_B5_reaction_2,我已经……无法思考了……
,P0_B5_reaction_3,让……让我们一起到达～顶点……啊～
,P0_B5_reaction_4,干……干……继续……
,P0_B5_reaction_5,我……我要……要到了……一起一起——
,P0_B5_reaction_6,全部……全部给我……都给我吧……
,P0_B5_reaction_7,太大了……太深了……
,P0_B4_B5_reaction_17,
,P0_B4_B5_reaction_18,
,P0_B4_B5_reaction_19,
,P0_B5_reaction_8,
,P0_B5_reaction_9,
,P0_B2_B3_B4_reaction_2,
,P0_B4_B5_reaction_20,
,P0_B5_reaction_10,
tease（挑逗台词）,P0_B0_tease_1,宝贝～你在等什么呀～
,P0_B1_B2_B3_tease_1,嗯～快进来嘛……
,P0_B1_B2_B3_tease_2,亲爱的……别再欺负我了……快来……
,P0_B1_B2_B3_tease_3,我想你来嘛……快呀～
,P0_B1_B2_tease_1,怎么啦～现在才不好意思吗……嘻～
,P0_B1_B2_tease_2,求求你了宝贝……我想被你惩罚嘛～
,P0_B1_tease_1,快来……贴紧我……
,P0_B1_tease_2,为什么停下？我感觉自己……已经无法思考了……
,P0_B3_B4_B5_tease_1,现在就给我吧……我不想多等一秒了……
,P0_B4_B5_tease_1,来呀……亲爱的……别让我等了……快来呀……
impact（冲击台词）,P4_B0_impact_1,啊！后面……从后面进来啦！哦！
,P4_B0_impact_2,这个姿势……太深了……嗯～
,P0_B0_impact_1,就……就这样……撑破我——
,P0_B0_impact_2,噢～我…我好爱你啊……
,P0_B0_impact_3,亲爱……的～你的……好烫啊——
,P0_B0_impact_4,顶……顶进来了……我的脑子要当机了！
,P5_B0_impact_1,被我骑在身上的感觉怎么样？嗯？
,P1_P2_P3_P4_P6_B0_impact_1,噢～再深点……我等了好久……
,P5_B0_impact_2,是的，我喜欢骑马！……让我骑着你的……哦！
,P0_B0_impact_5,宝贝……我的……里面感觉怎么样？
,P5_B0_impact_3,噢～你顶到了……顶到那个点了～
,P5_B0_impact_4,天啊！骑上来的一瞬间，我就感觉要疯了～
Touch（触摸台词）,P1_B1_B2_LTit_long_1,嗯...暖暖的...手心贴着好舒服...
,P4_B1_B2_LTit_long_1,啊...腰都软下来了...
,P5_B1_B2_LTit_long_1,上下动的时候...你碰这里...让人家更想快些...
,P1_B3_B4_LTit_long_1,哈啊！立起来了…别停！
,P4_B3_B4_LTit_long_1,后面顶这么深...还这样揉...腿...腿发颤了...
,P5_B3_B4_LTit_long_1,骑着你被这样玩...下面夹得更紧了...
,P1_B5_LTit_long_1,我都要融化了！再用些力！啊！
,P4_B5_LTit_long_1,后面顶着被摸？！不行了...太舒服了！！
,P5_B5_LTit_long_1,被你揉得...下面，水流了好多！！
,P1_B1_B2_RTit_long_1,唔...这边比那边更敏感呢...轻点...
,P4_B1_B2_RTit_long_1,后面扶着的手好烫...身子想往后靠...
,P5_B1_B2_RTit_long_1,你摸这里...摸得...摸得人家心里痒痒的...
,P1_B3_B4_RTit_long_1,这边凸起来了...啊！一碰就抖得厉害！
,P4_B3_B4_RTit_long_1,你的手揉得比下面还急，要疯掉了！
,P5_B3_B4_RTit_long_1,自己动时被你碰这里...水多得坐不稳了！
,P1_B5_RTit_long_1,对，对，对！揉它，不要停！我要抽筋了！！
,P4_B5_RTit_long_1,被你揪着往后拉！顶到底了啊！！
,P5_B5_RTit_long_1,快了，快了！继续摸我，就是那里！
,P1_B1_B2_LTit_short_1,呀！突然拍这里...心怦怦跳...
,P4_B1_B2_LTit_short_1,拍打的声音...配合着你的节奏...
,P5_B1_B2_LTit_short_1,我在上面的时候，不要打我，全身...全身都在抖...
,P1_B3_B4_LTit_short_1,被你拍得麻麻的...麻到最里面了！
,P4_B3_B4_LTit_short_1,你顶一下...就打一下，里面都抽动了！
,P5_B3_B4_LTit_short_1,这时候突然被你打，像...像是要失禁了！
,P1_B5_LTit_short_1,被打得好爽！不要停，不要停！
,P4_B5_LTit_short_1,又被你玩，又被你使劲撞，我要被穿透了！！
,P5_B5_LTit_short_1,都快到顶了，你还打！噢…流了好多水！！
,P1_B1_B2_RTit_short_1,拍这边！酸酸麻麻的…
,P4_B1_B2_RTit_short_1,拍打的震动...冲到最里面了...
,P5_B1_B2_RTit_short_1,被你打一下，全身就抖一下...
,P1_B3_B4_RTit_short_1,啊，就喜欢你这样抽打我！
,P4_B3_B4_RTit_short_1,插到底还打？汁水都溅出了啊！
,P5_B3_B4_RTit_short_1,喜欢看它晃来晃去吗？
,P1_B5_RTit_short_1,啊！啊！啊！又痛又爽！
,P4_B5_RTit_short_1,一边打我，一边撞我！都要裂开了！
,P5_B5_RTit_short_1,啊，快高潮了！继续弄我！我快坚持不住了！
,P1_B1_B2_LButt_long_1,嗯...揉这边...让人想扭起来...
,P4_B1_B2_LButt_long_1,从后面被摸...腰情不自禁的塌下去了啊...
,P5_B1_B2_LButt_long_1,骑着你...捏这边，让我怎么动嘛！
,P1_B3_B4_LButt_long_1,啊！肉陷进你手指了...嗯...连沟沟都湿了...
,P4_B3_B4_LButt_long_1,噢……从后面被摸...下面就抖得停不下来...
,P5_B3_B4_LButt_long_1,坐到底了...再加上你的指头...要命了啊！
,P1_B5_LButt_long_1,快被捏爆了！用力！啊啊！对，对，对！
,P4_B5_LButt_long_1,啊，被你掰开了！顶到最深处了！！
,P5_B5_LButt_long_1,对，对，对！抱着我往下砸！
,P1_B1_B2_RButt_long_1,你的手掌好烫...还捏着人家，痒痒的...
,P4_B1_B2_RButt_long_1,被你从后面这样摸...害人家下面滴个不停...
,P5_B1_B2_RButt_long_1,人家这边在上上下下...你的指头快陷进去了啊...
,P1_B3_B4_RButt_long_1,掐这里太准了...酸爽得涌出好多！
,P4_B3_B4_RButt_long_1,你玩这里比下面动得还起劲！
,P5_B3_B4_RButt_long_1,哦！啊！不要往外拔！这样太深了！
,P1_B5_RButt_long_1,这边被抓得好痛！用力！啊啊！里面都抽动了！！
,P4_B5_RButt_long_1,扒开往里冲！里面吸紧了！！
,P5_B5_RButt_long_1,要来了，要来了！抱住我，别松手！
,P1_B1_B2_LButt_short_1,拍这边，一下就绷紧了！
,P4_B1_B2_LButt_short_1,后面的拍打声...配合着进来的声音...
,P5_B1_B2_LButt_short_1,坐下去的时候被你抽打，震得下面一缩...
,P1_B3_B4_LButt_short_1,这样还要被你打...我好喜欢这样！
,P4_B3_B4_LButt_short_1,一边顶...一边打，里面都被搅乱了！
,P5_B3_B4_LButt_short_1,被你这样抽打，又不得不骑着...好羞耻啊！
,P1_B5_LButt_short_1,继续，再用力点！惩罚我！
,P4_B5_LButt_short_1,啊！再用力点抽我，我喜欢被你抽打！
,P5_B5_LButt_short_1,继续打它！我喜欢被你打的感觉！
,P1_B1_B2_RButt_short_1,呀！突然打这边！腿自己夹紧了！
,P4_B1_B2_RButt_short_1,拍打的震动...让进到底的都在跳...
,P5_B1_B2_RButt_short_1,坐下时被你拍这边，整个人...不会动了啦！
,P1_B3_B4_RButt_short_1,不要打这边！哦，会让我发疯的！
,P4_B3_B4_RButt_short_1,被你这样抽打，床单都湿了啊！
,P5_B3_B4_RButt_short_1,人家都坐到底了，怎么还要挨打啊？！别停下，继续打啊！
,P1_B5_RButt_short_1,打得好，打得好！我就是招打，再用力些！
,P4_B5_RButt_short_1,抽我！哦！好喜欢你的粗暴！太爽了！
,P5_B5_RButt_short_1,啊！越打我，我就越是狠狠的骑你！用力抽我，我们一起吧！